{"cameraMode":{"drawMode":0,"name":"Shaded","section":"Shading Mode"},"sceneLighting":true,"audioPlay":false,"sceneViewState":{"m_AlwaysRefresh":false,"showFog":true,"showSkybox":true,"showFlares":true,"showImageEffects":true,"showParticleSystems":true,"showVisualEffectGraphs":true,"m_FxEnabled":false},"in2DMode":false,"pivot":{"x":33.00908660888672,"y":-2.6094748973846437,"z":-1.078965187072754},"rotation":{"x":0.055198270827531818,"y":0.7036933302879334,"z":-0.05499891936779022,"w":0.7062267065048218},"size":20.888885498046876,"orthographic":false}