{"cameraMode":{"drawMode":0,"name":"Shaded","section":"Shading Mode"},"sceneLighting":true,"audioPlay":false,"sceneViewState":{"m_AlwaysRefresh":false,"showFog":true,"showSkybox":true,"showFlares":true,"showImageEffects":true,"showParticleSystems":true,"showVisualEffectGraphs":true,"m_FxEnabled":false},"in2DMode":false,"pivot":{"x":147.24888610839845,"y":51.70846176147461,"z":-131.72525024414063},"rotation":{"x":0.04191647842526436,"y":-0.7413679361343384,"z":-0.04656193032860756,"w":-0.6681837439537048},"size":12.020215034484864,"orthographic":false}